id,typ,model,product_number,wo_no,surface,cnt,start_time,end_time,ct_duration,theory_ts,actual_ts,movable_rate,stops,stop_ts,fault_note,change_ts,gen_line
1,agg,,2603522-2,6433997B,B,600,2020/07/20 11:04:40,2020/07/20 13:11:18,0,,,,149,7598,,,EPS 3#
2,detail,,2603522-2,6433997B,B,,2020/07/20 11:04:40,2020/07/20 13:11:18,0,,,,,0,,,EPS 3#
3,detail,,2603522-2,6433997B,B,,2020/07/20 11:04:40,2020/07/20 13:11:18,0,,,,,0,,,EPS 3#
4,detail,,2603522-2,6433997B,B,,2020/07/20 11:04:40,2020/07/20 13:11:18,0,,,,,0,,,EPS 3#
5,detail,,2603522-2,6433997B,B,,2020/07/20 11:04:40,2020/07/20 13:11:18,0,,,,,0,,,EPS 3#
6,detail,,2603522-2,6433997B,B,,2020/07/20 11:05:52,2020/07/20 13:11:18,0,,,,,0,,,EPS 3#
7,detail,,2603522-2,6433997B,B,,2020/07/20 11:05:52,2020/07/20 13:11:18,0,,,,,0,,,EPS 3#
8,detail,,2603522-2,6433997B,B,,2020/07/20 11:05:52,2020/07/20 13:11:18,0,,,,,0,,,EPS 3#
9,detail,,2603522-2,6433997B,B,,2020/07/20 11:05:52,2020/07/20 13:11:18,0,,,,,0,,,EPS 3#
10,detail,,2603522-2,6433997B,B,,2020/07/20 11:06:27,2020/07/20 13:11:18,0,,,,,0,,,EPS 3#
11,detail,,2603522-2,6433997B,B,,2020/07/20 11:06:27,2020/07/20 13:11:18,0,,,,,0,,,EPS 3#
12,detail,,2603522-2,6433997B,B,,2020/07/20 11:06:27,2020/07/20 13:11:18,0,,,,,0,,,EPS 3#
13,detail,,2603522-2,6433997B,B,,2020/07/20 11:06:27,2020/07/20 13:11:18,0,,,,,0,,,EPS 3#
14,detail,,2603522-2,6433997B,B,,2020/07/20 11:07:40,2020/07/20 13:11:18,0,,,,,0,,,EPS 3#
15,detail,,2603522-2,6433997B,B,,2020/07/20 11:07:40,2020/07/20 13:11:18,0,,,,,0,,,EPS 3#
16,detail,,2603522-2,6433997B,B,,2020/07/20 11:07:40,2020/07/20 13:11:18,0,,,,,0,,,EPS 3#
17,detail,,2603522-2,6433997B,B,,2020/07/20 11:07:40,2020/07/20 13:11:18,0,,,,,0,,,EPS 3#
18,detail,,2603522-2,6433997B,B,,2020/07/20 11:08:25,2020/07/20 13:11:18,0,,,,,0,,,EPS 3#
19,detail,,2603522-2,6433997B,B,,2020/07/20 11:08:25,2020/07/20 13:11:18,0,,,,,0,,,EPS 3#
20,detail,,2603522-2,6433997B,B,,2020/07/20 11:08:25,2020/07/20 13:11:18,0,,,,,0,,,EPS 3#
21,detail,,2603522-2,6433997B,B,,2020/07/20 11:08:25,2020/07/20 13:11:18,0,,,,,0,,,EPS 3#
22,detail,,2603522-2,6433997B,B,,2020/07/20 11:09:06,2020/07/20 13:11:18,0,,,,,0,,,EPS 3#
23,detail,,2603522-2,6433997B,B,,2020/07/20 11:09:06,2020/07/20 13:11:18,0,,,,,0,,,EPS 3#
24,detail,,2603522-2,6433997B,B,,2020/07/20 11:09:06,2020/07/20 13:11:18,0,,,,,0,,,EPS 3#
25,detail,,2603522-2,6433997B,B,,2020/07/20 11:09:06,2020/07/20 13:11:18,0,,,,,0,,,EPS 3#
26,detail,,2603522-2,6433997B,B,,2020/07/20 11:09:37,2020/07/20 13:11:18,0,,,,,0,,,EPS 3#
27,detail,,2603522-2,6433997B,B,,2020/07/20 11:09:37,2020/07/20 13:11:18,0,,,,,0,,,EPS 3#
28,detail,,2603522-2,6433997B,B,,2020/07/20 11:09:37,2020/07/20 13:11:18,0,,,,,0,,,EPS 3#
29,detail,,2603522-2,6433997B,B,,2020/07/20 11:09:37,2020/07/20 13:11:18,0,,,,,0,,,EPS 3#
30,detail,,2603522-2,6433997B,B,,2020/07/20 11:10:58,2020/07/20 13:11:18,0,,,,,0,,,EPS 3#
31,detail,,2603522-2,6433997B,B,,2020/07/20 11:10:58,2020/07/20 13:11:18,0,,,,,0,,,EPS 3#
32,detail,,2603522-2,6433997B,B,,2020/07/20 11:10:58,2020/07/20 13:11:18,0,,,,,0,,,EPS 3#
33,detail,,2603522-2,6433997B,B,,2020/07/20 11:10:58,2020/07/20 13:11:18,0,,,,,0,,,EPS 3#
34,detail,,2603522-2,6433997B,B,,2020/07/20 11:11:38,2020/07/20 13:11:18,0,,,,,0,,,EPS 3#
35,detail,,2603522-2,6433997B,B,,2020/07/20 11:11:38,2020/07/20 13:11:18,0,,,,,0,,,EPS 3#
36,detail,,2603522-2,6433997B,B,,2020/07/20 11:11:38,2020/07/20 13:11:18,0,,,,,0,,,EPS 3#
37,detail,,2603522-2,6433997B,B,,2020/07/20 11:11:38,2020/07/20 13:11:18,0,,,,,0,,,EPS 3#
38,detail,,2603522-2,6433997B,B,,2020/07/20 11:12:19,2020/07/20 13:11:18,0,,,,,0,,,EPS 3#
39,detail,,2603522-2,6433997B,B,,2020/07/20 11:12:19,2020/07/20 13:11:18,0,,,,,0,,,EPS 3#
40,detail,,2603522-2,6433997B,B,,2020/07/20 11:12:19,2020/07/20 13:11:18,0,,,,,0,,,EPS 3#
41,detail,,2603522-2,6433997B,B,,2020/07/20 11:12:19,2020/07/20 13:11:18,0,,,,,0,,,EPS 3#
42,detail,,2603522-2,6433997B,B,,2020/07/20 11:13:08,2020/07/20 13:11:18,0,,,,,0,,,EPS 3#
43,detail,,2603522-2,6433997B,B,,2020/07/20 11:13:08,2020/07/20 13:11:18,0,,,,,0,,,EPS 3#
44,detail,,2603522-2,6433997B,B,,2020/07/20 11:13:08,2020/07/20 13:11:18,0,,,,,0,,,EPS 3#
45,detail,,2603522-2,6433997B,B,,2020/07/20 11:13:08,2020/07/20 13:11:18,0,,,,,0,,,EPS 3#
46,detail,,2603522-2,6433997B,B,,2020/07/20 11:14:20,2020/07/20 13:11:18,0,,,,,0,,,EPS 3#
47,detail,,2603522-2,6433997B,B,,2020/07/20 11:14:20,2020/07/20 13:11:18,0,,,,,0,,,EPS 3#
48,detail,,2603522-2,6433997B,B,,2020/07/20 11:14:20,2020/07/20 13:11:18,0,,,,,0,,,EPS 3#
49,detail,,2603522-2,6433997B,B,,2020/07/20 11:14:20,2020/07/20 13:11:18,0,,,,,0,,,EPS 3#
50,detail,,2603522-2,6433997B,B,,2020/07/20 11:15:00,2020/07/20 13:11:18,0,,,,,0,,,EPS 3#
51,detail,,2603522-2,6433997B,B,,2020/07/20 11:15:00,2020/07/20 13:11:18,0,,,,,0,,,EPS 3#
52,detail,,2603522-2,6433997B,B,,2020/07/20 11:15:00,2020/07/20 13:11:18,0,,,,,0,,,EPS 3#
53,detail,,2603522-2,6433997B,B,,2020/07/20 11:15:00,2020/07/20 13:11:18,0,,,,,0,,,EPS 3#
54,detail,,2603522-2,6433997B,B,,2020/07/20 11:15:40,2020/07/20 13:11:18,0,,,,,0,,,EPS 3#
55,detail,,2603522-2,6433997B,B,,2020/07/20 11:15:40,2020/07/20 13:11:18,0,,,,,0,,,EPS 3#
56,detail,,2603522-2,6433997B,B,,2020/07/20 11:15:40,2020/07/20 13:11:18,0,,,,,0,,,EPS 3#
57,detail,,2603522-2,6433997B,B,,2020/07/20 11:15:40,2020/07/20 13:11:18,0,,,,,0,,,EPS 3#
58,detail,,2603522-2,6433997B,B,,2020/07/20 11:16:21,2020/07/20 13:11:18,0,,,,,0,,,EPS 3#
59,detail,,2603522-2,6433997B,B,,2020/07/20 11:16:21,2020/07/20 13:11:18,0,,,,,0,,,EPS 3#
60,detail,,2603522-2,6433997B,B,,2020/07/20 11:16:21,2020/07/20 13:11:18,0,,,,,0,,,EPS 3#
61,detail,,2603522-2,6433997B,B,,2020/07/20 11:16:21,2020/07/20 13:11:18,0,,,,,0,,,EPS 3#
62,detail,,2603522-2,6433997B,B,,2020/07/20 11:16:52,2020/07/20 13:11:18,0,,,,,0,,,EPS 3#
63,detail,,2603522-2,6433997B,B,,2020/07/20 11:16:52,2020/07/20 13:11:18,0,,,,,0,,,EPS 3#
64,detail,,2603522-2,6433997B,B,,2020/07/20 11:16:52,2020/07/20 13:11:18,0,,,,,0,,,EPS 3#
65,detail,,2603522-2,6433997B,B,,2020/07/20 11:16:52,2020/07/20 13:11:18,0,,,,,0,,,EPS 3#
66,detail,,2603522-2,6433997B,B,,2020/07/20 11:18:05,2020/07/20 13:11:18,0,,,,,0,,,EPS 3#
67,detail,,2603522-2,6433997B,B,,2020/07/20 11:18:05,2020/07/20 13:11:18,0,,,,,0,,,EPS 3#
68,detail,,2603522-2,6433997B,B,,2020/07/20 11:18:05,2020/07/20 13:11:18,0,,,,,0,,,EPS 3#
69,detail,,2603522-2,6433997B,B,,2020/07/20 11:18:05,2020/07/20 13:11:18,0,,,,,0,,,EPS 3#
70,detail,,2603522-2,6433997B,B,,2020/07/20 11:18:46,2020/07/20 13:11:18,0,,,,,0,,,EPS 3#
71,detail,,2603522-2,6433997B,B,,2020/07/20 11:18:46,2020/07/20 13:11:18,0,,,,,0,,,EPS 3#
72,detail,,2603522-2,6433997B,B,,2020/07/20 11:18:46,2020/07/20 13:11:18,0,,,,,0,,,EPS 3#
73,detail,,2603522-2,6433997B,B,,2020/07/20 11:18:46,2020/07/20 13:11:18,0,,,,,0,,,EPS 3#
74,detail,,2603522-2,6433997B,B,,2020/07/20 11:19:17,2020/07/20 13:11:18,0,,,,,0,,,EPS 3#
75,detail,,2603522-2,6433997B,B,,2020/07/20 11:19:17,2020/07/20 13:11:18,0,,,,,0,,,EPS 3#
76,detail,,2603522-2,6433997B,B,,2020/07/20 11:19:17,2020/07/20 13:11:18,0,,,,,0,,,EPS 3#
77,detail,,2603522-2,6433997B,B,,2020/07/20 11:19:17,2020/07/20 13:11:18,0,,,,,0,,,EPS 3#
78,detail,,2603522-2,6433997B,B,,2020/07/20 11:21:54,2020/07/20 13:11:18,0,,,,,0,,,EPS 3#
79,detail,,2603522-2,6433997B,B,,2020/07/20 11:21:54,2020/07/20 13:11:18,0,,,,,0,,,EPS 3#
80,detail,,2603522-2,6433997B,B,,2020/07/20 11:21:54,2020/07/20 13:11:18,0,,,,,0,,,EPS 3#
81,detail,,2603522-2,6433997B,B,,2020/07/20 11:21:54,2020/07/20 13:11:18,0,,,,,0,,,EPS 3#
82,detail,,2603522-2,6433997B,B,,2020/07/20 11:22:35,2020/07/20 13:11:18,0,,,,,0,,,EPS 3#
83,detail,,2603522-2,6433997B,B,,2020/07/20 11:22:35,2020/07/20 13:11:18,0,,,,,0,,,EPS 3#
84,detail,,2603522-2,6433997B,B,,2020/07/20 11:22:35,2020/07/20 13:11:18,0,,,,,0,,,EPS 3#
85,detail,,2603522-2,6433997B,B,,2020/07/20 11:22:35,2020/07/20 13:11:18,0,,,,,0,,,EPS 3#
86,detail,,2603522-2,6433997B,B,,2020/07/20 11:23:15,2020/07/20 13:11:18,0,,,,,0,,,EPS 3#
87,detail,,2603522-2,6433997B,B,,2020/07/20 11:23:15,2020/07/20 13:11:18,0,,,,,0,,,EPS 3#
88,detail,,2603522-2,6433997B,B,,2020/07/20 11:23:15,2020/07/20 13:11:18,0,,,,,0,,,EPS 3#
89,detail,,2603522-2,6433997B,B,,2020/07/20 11:23:15,2020/07/20 13:11:18,0,,,,,0,,,EPS 3#
90,detail,,2603522-2,6433997B,B,,2020/07/20 11:24:03,2020/07/20 13:11:18,0,,,,,0,,,EPS 3#
91,detail,,2603522-2,6433997B,B,,2020/07/20 11:24:03,2020/07/20 13:11:18,0,,,,,0,,,EPS 3#
92,detail,,2603522-2,6433997B,B,,2020/07/20 11:24:03,2020/07/20 13:11:18,0,,,,,0,,,EPS 3#
93,detail,,2603522-2,6433997B,B,,2020/07/20 11:24:03,2020/07/20 13:11:18,0,,,,,0,,,EPS 3#
94,detail,,2603522-2,6433997B,B,,2020/07/20 11:24:52,2020/07/20 13:11:18,0,,,,,0,,,EPS 3#
95,detail,,2603522-2,6433997B,B,,2020/07/20 11:24:52,2020/07/20 13:11:18,0,,,,,0,,,EPS 3#
96,detail,,2603522-2,6433997B,B,,2020/07/20 11:24:52,2020/07/20 13:11:18,0,,,,,0,,,EPS 3#
97,detail,,2603522-2,6433997B,B,,2020/07/20 11:24:52,2020/07/20 13:11:18,0,,,,,0,,,EPS 3#
98,detail,,2603522-2,6433997B,B,,2020/07/20 11:25:33,2020/07/20 13:11:18,0,,,,,0,,,EPS 3#
99,detail,,2603522-2,6433997B,B,,2020/07/20 11:25:33,2020/07/20 13:11:18,0,,,,,0,,,EPS 3#
100,detail,,2603522-2,6433997B,B,,2020/07/20 11:25:33,2020/07/20 13:11:18,0,,,,,0,,,EPS 3#
101,detail,,2603522-2,6433997B,B,,2020/07/20 11:25:33,2020/07/20 13:11:18,0,,,,,0,,,EPS 3#
102,detail,,2603522-2,6433997B,B,,2020/07/20 11:26:13,2020/07/20 13:11:18,0,,,,,0,,,EPS 3#
103,detail,,2603522-2,6433997B,B,,2020/07/20 11:26:13,2020/07/20 13:11:18,0,,,,,0,,,EPS 3#
104,detail,,2603522-2,6433997B,B,,2020/07/20 11:26:13,2020/07/20 13:11:18,0,,,,,0,,,EPS 3#
105,detail,,2603522-2,6433997B,B,,2020/07/20 11:26:13,2020/07/20 13:11:18,0,,,,,0,,,EPS 3#
106,detail,,2603522-2,6433997B,B,,2020/07/20 11:26:45,2020/07/20 13:11:18,0,,,,,0,,,EPS 3#
107,detail,,2603522-2,6433997B,B,,2020/07/20 11:26:45,2020/07/20 13:11:18,0,,,,,0,,,EPS 3#
108,detail,,2603522-2,6433997B,B,,2020/07/20 11:26:45,2020/07/20 13:11:18,0,,,,,0,,,EPS 3#
109,detail,,2603522-2,6433997B,B,,2020/07/20 11:26:45,2020/07/20 13:11:18,0,,,,,0,,,EPS 3#
110,detail,,2603522-2,6433997B,B,,2020/07/20 11:28:26,2020/07/20 13:11:18,0,,,,,0,,,EPS 3#
111,detail,,2603522-2,6433997B,B,,2020/07/20 11:28:26,2020/07/20 13:11:18,0,,,,,0,,,EPS 3#
112,detail,,2603522-2,6433997B,B,,2020/07/20 11:28:26,2020/07/20 13:11:18,0,,,,,0,,,EPS 3#
113,detail,,2603522-2,6433997B,B,,2020/07/20 11:28:26,2020/07/20 13:11:18,0,,,,,0,,,EPS 3#
114,detail,,2603522-2,6433997B,B,,2020/07/20 11:29:50,2020/07/20 13:11:18,0,,,,,0,,,EPS 3#
115,detail,,2603522-2,6433997B,B,,2020/07/20 11:29:50,2020/07/20 13:11:18,0,,,,,0,,,EPS 3#
116,detail,,2603522-2,6433997B,B,,2020/07/20 11:29:50,2020/07/20 13:11:18,0,,,,,0,,,EPS 3#
117,detail,,2603522-2,6433997B,B,,2020/07/20 11:29:50,2020/07/20 13:11:18,0,,,,,0,,,EPS 3#
118,detail,,2603522-2,6433997B,B,,2020/07/20 11:30:31,2020/07/20 13:11:18,0,,,,,0,,,EPS 3#
119,detail,,2603522-2,6433997B,B,,2020/07/20 11:30:31,2020/07/20 13:11:18,0,,,,,0,,,EPS 3#
120,detail,,2603522-2,6433997B,B,,2020/07/20 11:30:31,2020/07/20 13:11:18,0,,,,,0,,,EPS 3#
121,detail,,2603522-2,6433997B,B,,2020/07/20 11:30:31,2020/07/20 13:11:18,0,,,,,0,,,EPS 3#
122,detail,,2603522-2,6433997B,B,,2020/07/20 11:31:13,2020/07/20 13:11:18,0,,,,,0,,,EPS 3#
123,detail,,2603522-2,6433997B,B,,2020/07/20 11:31:13,2020/07/20 13:11:18,0,,,,,0,,,EPS 3#
124,detail,,2603522-2,6433997B,B,,2020/07/20 11:31:13,2020/07/20 13:11:18,0,,,,,0,,,EPS 3#
125,detail,,2603522-2,6433997B,B,,2020/07/20 11:31:13,2020/07/20 13:11:18,0,,,,,0,,,EPS 3#
126,detail,,2603522-2,6433997B,B,,2020/07/20 11:31:52,2020/07/20 13:11:18,0,,,,,0,,,EPS 3#
127,detail,,2603522-2,6433997B,B,,2020/07/20 11:31:52,2020/07/20 13:11:18,0,,,,,0,,,EPS 3#
128,detail,,2603522-2,6433997B,B,,2020/07/20 11:31:52,2020/07/20 13:11:18,0,,,,,0,,,EPS 3#
129,detail,,2603522-2,6433997B,B,,2020/07/20 11:31:52,2020/07/20 13:11:18,0,,,,,0,,,EPS 3#
130,detail,,2603522-2,6433997B,B,,2020/07/20 11:33:04,2020/07/20 13:11:18,0,,,,,0,,,EPS 3#
131,detail,,2603522-2,6433997B,B,,2020/07/20 11:33:04,2020/07/20 13:11:18,0,,,,,0,,,EPS 3#
132,detail,,2603522-2,6433997B,B,,2020/07/20 11:33:04,2020/07/20 13:11:18,0,,,,,0,,,EPS 3#
133,detail,,2603522-2,6433997B,B,,2020/07/20 11:33:04,2020/07/20 13:11:18,0,,,,,0,,,EPS 3#
134,detail,,2603522-2,6433997B,B,,2020/07/20 11:33:45,2020/07/20 13:11:18,0,,,,,0,,,EPS 3#
135,detail,,2603522-2,6433997B,B,,2020/07/20 11:33:45,2020/07/20 13:11:18,0,,,,,0,,,EPS 3#
136,detail,,2603522-2,6433997B,B,,2020/07/20 11:33:45,2020/07/20 13:11:18,0,,,,,0,,,EPS 3#
137,detail,,2603522-2,6433997B,B,,2020/07/20 11:33:45,2020/07/20 13:11:18,0,,,,,0,,,EPS 3#
138,detail,,2603522-2,6433997B,B,,2020/07/20 11:34:26,2020/07/20 13:11:18,0,,,,,0,,,EPS 3#
139,detail,,2603522-2,6433997B,B,,2020/07/20 11:34:26,2020/07/20 13:11:18,0,,,,,0,,,EPS 3#
140,detail,,2603522-2,6433997B,B,,2020/07/20 11:34:26,2020/07/20 13:11:18,0,,,,,0,,,EPS 3#
141,detail,,2603522-2,6433997B,B,,2020/07/20 11:34:26,2020/07/20 13:11:18,0,,,,,0,,,EPS 3#
142,detail,,2603522-2,6433997B,B,,2020/07/20 11:34:57,2020/07/20 13:11:18,0,,,,,0,,,EPS 3#
143,detail,,2603522-2,6433997B,B,,2020/07/20 11:34:57,2020/07/20 13:11:18,0,,,,,0,,,EPS 3#
144,detail,,2603522-2,6433997B,B,,2020/07/20 11:34:57,2020/07/20 13:11:18,0,,,,,0,,,EPS 3#
145,detail,,2603522-2,6433997B,B,,2020/07/20 11:34:57,2020/07/20 13:11:18,0,,,,,0,,,EPS 3#
146,detail,,2603522-2,6433997B,B,,2020/07/20 11:36:09,2020/07/20 13:11:18,0,,,,,0,,,EPS 3#
147,detail,,2603522-2,6433997B,B,,2020/07/20 11:36:09,2020/07/20 13:11:18,0,,,,,0,,,EPS 3#
148,detail,,2603522-2,6433997B,B,,2020/07/20 11:36:09,2020/07/20 13:11:18,0,,,,,0,,,EPS 3#
149,detail,,2603522-2,6433997B,B,,2020/07/20 11:36:09,2020/07/20 13:11:18,0,,,,,0,,,EPS 3#
150,detail,,2603522-2,6433997B,B,,2020/07/20 11:36:51,2020/07/20 13:11:18,0,,,,,0,,,EPS 3#
151,detail,,2603522-2,6433997B,B,,2020/07/20 11:36:51,2020/07/20 13:11:18,0,,,,,0,,,EPS 3#
152,detail,,2603522-2,6433997B,B,,2020/07/20 11:36:51,2020/07/20 13:11:18,0,,,,,0,,,EPS 3#
153,detail,,2603522-2,6433997B,B,,2020/07/20 11:36:51,2020/07/20 13:11:18,0,,,,,0,,,EPS 3#
154,detail,,2603522-2,6433997B,B,,2020/07/20 11:37:23,2020/07/20 13:11:18,0,,,,,0,,,EPS 3#
155,detail,,2603522-2,6433997B,B,,2020/07/20 11:37:23,2020/07/20 13:11:18,0,,,,,0,,,EPS 3#
156,detail,,2603522-2,6433997B,B,,2020/07/20 11:37:23,2020/07/20 13:11:18,0,,,,,0,,,EPS 3#
157,detail,,2603522-2,6433997B,B,,2020/07/20 11:37:23,2020/07/20 13:11:18,0,,,,,0,,,EPS 3#
158,detail,,2603522-2,6433997B,B,,2020/07/20 11:39:26,2020/07/20 13:11:18,0,,,,,0,,,EPS 3#
159,detail,,2603522-2,6433997B,B,,2020/07/20 11:39:26,2020/07/20 13:11:18,0,,,,,0,,,EPS 3#
160,detail,,2603522-2,6433997B,B,,2020/07/20 11:39:26,2020/07/20 13:11:18,0,,,,,0,,,EPS 3#
161,detail,,2603522-2,6433997B,B,,2020/07/20 11:39:26,2020/07/20 13:11:18,0,,,,,0,,,EPS 3#
162,detail,,2603522-2,6433997B,B,,2020/07/20 11:40:06,2020/07/20 13:11:18,0,,,,,0,,,EPS 3#
163,detail,,2603522-2,6433997B,B,,2020/07/20 11:40:06,2020/07/20 13:11:18,0,,,,,0,,,EPS 3#
164,detail,,2603522-2,6433997B,B,,2020/07/20 11:40:06,2020/07/20 13:11:18,0,,,,,0,,,EPS 3#
165,detail,,2603522-2,6433997B,B,,2020/07/20 11:40:06,2020/07/20 13:11:18,0,,,,,0,,,EPS 3#
166,detail,,2603522-2,6433997B,B,,2020/07/20 11:41:48,2020/07/20 13:11:18,0,,,,,0,,,EPS 3#
167,detail,,2603522-2,6433997B,B,,2020/07/20 11:41:48,2020/07/20 13:11:18,0,,,,,0,,,EPS 3#
168,detail,,2603522-2,6433997B,B,,2020/07/20 11:41:48,2020/07/20 13:11:18,0,,,,,0,,,EPS 3#
169,detail,,2603522-2,6433997B,B,,2020/07/20 11:41:48,2020/07/20 13:11:18,0,,,,,0,,,EPS 3#
170,detail,,2603522-2,6433997B,B,,2020/07/20 11:42:29,2020/07/20 13:11:18,0,,,,,0,,,EPS 3#
171,detail,,2603522-2,6433997B,B,,2020/07/20 11:42:29,2020/07/20 13:11:18,0,,,,,0,,,EPS 3#
172,detail,,2603522-2,6433997B,B,,2020/07/20 11:42:29,2020/07/20 13:11:18,0,,,,,0,,,EPS 3#
173,detail,,2603522-2,6433997B,B,,2020/07/20 11:42:29,2020/07/20 13:11:18,0,,,,,0,,,EPS 3#
174,detail,,2603522-2,6433997B,B,,2020/07/20 11:43:09,2020/07/20 13:11:18,0,,,,,0,,,EPS 3#
175,detail,,2603522-2,6433997B,B,,2020/07/20 11:43:09,2020/07/20 13:11:18,0,,,,,0,,,EPS 3#
176,detail,,2603522-2,6433997B,B,,2020/07/20 11:43:09,2020/07/20 13:11:18,0,,,,,0,,,EPS 3#
177,detail,,2603522-2,6433997B,B,,2020/07/20 11:43:09,2020/07/20 13:11:18,0,,,,,0,,,EPS 3#
178,detail,,2603522-2,6433997B,B,,2020/07/20 11:43:50,2020/07/20 13:11:18,0,,,,,0,,,EPS 3#
179,detail,,2603522-2,6433997B,B,,2020/07/20 11:43:50,2020/07/20 13:11:18,0,,,,,0,,,EPS 3#
180,detail,,2603522-2,6433997B,B,,2020/07/20 11:43:50,2020/07/20 13:11:18,0,,,,,0,,,EPS 3#
181,detail,,2603522-2,6433997B,B,,2020/07/20 11:43:50,2020/07/20 13:11:18,0,,,,,0,,,EPS 3#
182,detail,,2603522-2,6433997B,B,,2020/07/20 11:44:38,2020/07/20 13:11:18,0,,,,,0,,,EPS 3#
183,detail,,2603522-2,6433997B,B,,2020/07/20 11:44:38,2020/07/20 13:11:18,0,,,,,0,,,EPS 3#
184,detail,,2603522-2,6433997B,B,,2020/07/20 11:44:38,2020/07/20 13:11:18,0,,,,,0,,,EPS 3#
185,detail,,2603522-2,6433997B,B,,2020/07/20 11:44:38,2020/07/20 13:11:18,0,,,,,0,,,EPS 3#
186,detail,,2603522-2,6433997B,B,,2020/07/20 11:45:27,2020/07/20 13:11:18,0,,,,,0,,,EPS 3#
187,detail,,2603522-2,6433997B,B,,2020/07/20 11:45:27,2020/07/20 13:11:18,0,,,,,0,,,EPS 3#
188,detail,,2603522-2,6433997B,B,,2020/07/20 11:45:27,2020/07/20 13:11:18,0,,,,,0,,,EPS 3#
189,detail,,2603522-2,6433997B,B,,2020/07/20 11:45:27,2020/07/20 13:11:18,0,,,,,0,,,EPS 3#
190,detail,,2603522-2,6433997B,B,,2020/07/20 11:46:08,2020/07/20 13:11:18,0,,,,,0,,,EPS 3#
191,detail,,2603522-2,6433997B,B,,2020/07/20 11:46:08,2020/07/20 13:11:18,0,,,,,0,,,EPS 3#
192,detail,,2603522-2,6433997B,B,,2020/07/20 11:46:08,2020/07/20 13:11:18,0,,,,,0,,,EPS 3#
193,detail,,2603522-2,6433997B,B,,2020/07/20 11:46:08,2020/07/20 13:11:18,0,,,,,0,,,EPS 3#
194,detail,,2603522-2,6433997B,B,,2020/07/20 11:46:48,2020/07/20 13:11:18,0,,,,,0,,,EPS 3#
195,detail,,2603522-2,6433997B,B,,2020/07/20 11:46:48,2020/07/20 13:11:18,0,,,,,0,,,EPS 3#
196,detail,,2603522-2,6433997B,B,,2020/07/20 11:46:48,2020/07/20 13:11:18,0,,,,,0,,,EPS 3#
197,detail,,2603522-2,6433997B,B,,2020/07/20 11:46:48,2020/07/20 13:11:18,0,,,,,0,,,EPS 3#
198,detail,,2603522-2,6433997B,B,,2020/07/20 11:47:28,2020/07/20 13:11:18,0,,,,,0,,,EPS 3#
199,detail,,2603522-2,6433997B,B,,2020/07/20 11:47:28,2020/07/20 13:11:18,0,,,,,0,,,EPS 3#
200,detail,,2603522-2,6433997B,B,,2020/07/20 11:47:28,2020/07/20 13:11:18,0,,,,,0,,,EPS 3#
201,detail,,2603522-2,6433997B,B,,2020/07/20 11:47:28,2020/07/20 13:11:18,0,,,,,0,,,EPS 3#
202,detail,,2603522-2,6433997B,B,,2020/07/20 11:48:18,2020/07/20 13:11:18,0,,,,,0,,,EPS 3#
203,detail,,2603522-2,6433997B,B,,2020/07/20 11:48:18,2020/07/20 13:11:18,0,,,,,0,,,EPS 3#
204,detail,,2603522-2,6433997B,B,,2020/07/20 11:48:18,2020/07/20 13:11:18,0,,,,,0,,,EPS 3#
205,detail,,2603522-2,6433997B,B,,2020/07/20 11:48:18,2020/07/20 13:11:18,0,,,,,0,,,EPS 3#
206,detail,,2603522-2,6433997B,B,,2020/07/20 11:48:58,2020/07/20 13:11:18,0,,,,,0,,,EPS 3#
207,detail,,2603522-2,6433997B,B,,2020/07/20 11:48:58,2020/07/20 13:11:18,0,,,,,0,,,EPS 3#
208,detail,,2603522-2,6433997B,B,,2020/07/20 11:48:58,2020/07/20 13:11:18,0,,,,,0,,,EPS 3#
209,detail,,2603522-2,6433997B,B,,2020/07/20 11:48:58,2020/07/20 13:11:18,0,,,,,0,,,EPS 3#
210,detail,,2603522-2,6433997B,B,,2020/07/20 11:49:38,2020/07/20 13:11:18,0,,,,,0,,,EPS 3#
211,detail,,2603522-2,6433997B,B,,2020/07/20 11:49:38,2020/07/20 13:11:18,0,,,,,0,,,EPS 3#
212,detail,,2603522-2,6433997B,B,,2020/07/20 11:49:38,2020/07/20 13:11:18,0,,,,,0,,,EPS 3#
213,detail,,2603522-2,6433997B,B,,2020/07/20 11:49:38,2020/07/20 13:11:18,0,,,,,0,,,EPS 3#
214,detail,,2603522-2,6433997B,B,,2020/07/20 11:50:18,2020/07/20 13:11:18,0,,,,,0,,,EPS 3#
215,detail,,2603522-2,6433997B,B,,2020/07/20 11:50:18,2020/07/20 13:11:18,0,,,,,0,,,EPS 3#
216,detail,,2603522-2,6433997B,B,,2020/07/20 11:50:18,2020/07/20 13:11:18,0,,,,,0,,,EPS 3#
217,detail,,2603522-2,6433997B,B,,2020/07/20 11:50:18,2020/07/20 13:11:18,0,,,,,0,,,EPS 3#
218,detail,,2603522-2,6433997B,B,,2020/07/20 11:51:18,2020/07/20 13:11:18,0,,,,,0,,,EPS 3#
219,detail,,2603522-2,6433997B,B,,2020/07/20 11:51:18,2020/07/20 13:11:18,0,,,,,0,,,EPS 3#
220,detail,,2603522-2,6433997B,B,,2020/07/20 11:51:18,2020/07/20 13:11:18,0,,,,,0,,,EPS 3#
221,detail,,2603522-2,6433997B,B,,2020/07/20 11:51:18,2020/07/20 13:11:18,0,,,,,0,,,EPS 3#
222,detail,,2603522-2,6433997B,B,,2020/07/20 11:51:59,2020/07/20 13:11:18,0,,,,,0,,,EPS 3#
223,detail,,2603522-2,6433997B,B,,2020/07/20 11:51:59,2020/07/20 13:11:18,0,,,,,0,,,EPS 3#
224,detail,,2603522-2,6433997B,B,,2020/07/20 11:51:59,2020/07/20 13:11:18,0,,,,,0,,,EPS 3#
225,detail,,2603522-2,6433997B,B,,2020/07/20 11:51:59,2020/07/20 13:11:18,0,,,,,0,,,EPS 3#
226,detail,,2603522-2,6433997B,B,,2020/07/20 11:52:39,2020/07/20 13:11:18,0,,,,,0,,,EPS 3#
227,detail,,2603522-2,6433997B,B,,2020/07/20 11:52:39,2020/07/20 13:11:18,0,,,,,0,,,EPS 3#
228,detail,,2603522-2,6433997B,B,,2020/07/20 11:52:39,2020/07/20 13:11:18,0,,,,,0,,,EPS 3#
229,detail,,2603522-2,6433997B,B,,2020/07/20 11:52:39,2020/07/20 13:11:18,0,,,,,0,,,EPS 3#
230,detail,,2603522-2,6433997B,B,,2020/07/20 11:53:10,2020/07/20 13:11:18,0,,,,,0,,,EPS 3#
231,detail,,2603522-2,6433997B,B,,2020/07/20 11:53:10,2020/07/20 13:11:18,0,,,,,0,,,EPS 3#
232,detail,,2603522-2,6433997B,B,,2020/07/20 11:53:10,2020/07/20 13:11:18,0,,,,,0,,,EPS 3#
233,detail,,2603522-2,6433997B,B,,2020/07/20 11:53:10,2020/07/20 13:11:18,0,,,,,0,,,EPS 3#
234,detail,,2603522-2,6433997B,B,,2020/07/20 11:54:33,2020/07/20 13:11:18,0,,,,,0,,,EPS 3#
235,detail,,2603522-2,6433997B,B,,2020/07/20 11:54:33,2020/07/20 13:11:18,0,,,,,0,,,EPS 3#
236,detail,,2603522-2,6433997B,B,,2020/07/20 11:54:33,2020/07/20 13:11:18,0,,,,,0,,,EPS 3#
237,detail,,2603522-2,6433997B,B,,2020/07/20 11:54:33,2020/07/20 13:11:18,0,,,,,0,,,EPS 3#
238,detail,,2603522-2,6433997B,B,,2020/07/20 11:55:13,2020/07/20 13:11:18,0,,,,,0,,,EPS 3#
239,detail,,2603522-2,6433997B,B,,2020/07/20 11:55:13,2020/07/20 13:11:18,0,,,,,0,,,EPS 3#
240,detail,,2603522-2,6433997B,B,,2020/07/20 11:55:13,2020/07/20 13:11:18,0,,,,,0,,,EPS 3#
241,detail,,2603522-2,6433997B,B,,2020/07/20 11:55:13,2020/07/20 13:11:18,0,,,,,0,,,EPS 3#
242,detail,,2603522-2,6433997B,B,,2020/07/20 11:55:54,2020/07/20 13:11:18,0,,,,,0,,,EPS 3#
243,detail,,2603522-2,6433997B,B,,2020/07/20 11:55:54,2020/07/20 13:11:18,0,,,,,0,,,EPS 3#
244,detail,,2603522-2,6433997B,B,,2020/07/20 11:55:54,2020/07/20 13:11:18,0,,,,,0,,,EPS 3#
245,detail,,2603522-2,6433997B,B,,2020/07/20 11:55:54,2020/07/20 13:11:18,0,,,,,0,,,EPS 3#
246,detail,,2603522-2,6433997B,B,,2020/07/20 11:56:28,2020/07/20 13:11:18,0,,,,,0,,,EPS 3#
247,detail,,2603522-2,6433997B,B,,2020/07/20 11:56:28,2020/07/20 13:11:18,0,,,,,0,,,EPS 3#
248,detail,,2603522-2,6433997B,B,,2020/07/20 11:56:28,2020/07/20 13:11:18,0,,,,,0,,,EPS 3#
249,detail,,2603522-2,6433997B,B,,2020/07/20 11:56:28,2020/07/20 13:11:18,0,,,,,0,,,EPS 3#
250,detail,,2603522-2,6433997B,B,,2020/07/20 11:57:43,2020/07/20 13:11:18,0,,,,,0,,,EPS 3#
251,detail,,2603522-2,6433997B,B,,2020/07/20 11:57:43,2020/07/20 13:11:18,0,,,,,0,,,EPS 3#
252,detail,,2603522-2,6433997B,B,,2020/07/20 11:57:43,2020/07/20 13:11:18,0,,,,,0,,,EPS 3#
253,detail,,2603522-2,6433997B,B,,2020/07/20 11:57:43,2020/07/20 13:11:18,0,,,,,0,,,EPS 3#
254,detail,,2603522-2,6433997B,B,,2020/07/20 11:58:23,2020/07/20 13:11:18,0,,,,,0,,,EPS 3#
255,detail,,2603522-2,6433997B,B,,2020/07/20 11:58:23,2020/07/20 13:11:18,0,,,,,0,,,EPS 3#
256,detail,,2603522-2,6433997B,B,,2020/07/20 11:58:23,2020/07/20 13:11:18,0,,,,,0,,,EPS 3#
257,detail,,2603522-2,6433997B,B,,2020/07/20 11:58:23,2020/07/20 13:11:18,0,,,,,0,,,EPS 3#
258,detail,,2603522-2,6433997B,B,,2020/07/20 11:59:04,2020/07/20 13:11:18,0,,,,,0,,,EPS 3#
259,detail,,2603522-2,6433997B,B,,2020/07/20 11:59:04,2020/07/20 13:11:18,0,,,,,0,,,EPS 3#
260,detail,,2603522-2,6433997B,B,,2020/07/20 11:59:04,2020/07/20 13:11:18,0,,,,,0,,,EPS 3#
261,detail,,2603522-2,6433997B,B,,2020/07/20 11:59:04,2020/07/20 13:11:18,0,,,,,0,,,EPS 3#
262,detail,,2603522-2,6433997B,B,,2020/07/20 11:59:35,2020/07/20 13:11:18,0,,,,,0,,,EPS 3#
263,detail,,2603522-2,6433997B,B,,2020/07/20 11:59:35,2020/07/20 13:11:18,0,,,,,0,,,EPS 3#
264,detail,,2603522-2,6433997B,B,,2020/07/20 11:59:35,2020/07/20 13:11:18,0,,,,,0,,,EPS 3#
265,detail,,2603522-2,6433997B,B,,2020/07/20 11:59:35,2020/07/20 13:11:18,0,,,,,0,,,EPS 3#
266,detail,,2603522-2,6433997B,B,,2020/07/20 12:00:55,2020/07/20 13:11:18,0,,,,,0,,,EPS 3#
267,detail,,2603522-2,6433997B,B,,2020/07/20 12:00:55,2020/07/20 13:11:18,0,,,,,0,,,EPS 3#
268,detail,,2603522-2,6433997B,B,,2020/07/20 12:00:55,2020/07/20 13:11:18,0,,,,,0,,,EPS 3#
269,detail,,2603522-2,6433997B,B,,2020/07/20 12:00:55,2020/07/20 13:11:18,0,,,,,0,,,EPS 3#
270,detail,,2603522-2,6433997B,B,,2020/07/20 12:01:36,2020/07/20 13:11:18,0,,,,,0,,,EPS 3#
271,detail,,2603522-2,6433997B,B,,2020/07/20 12:01:36,2020/07/20 13:11:18,0,,,,,0,,,EPS 3#
272,detail,,2603522-2,6433997B,B,,2020/07/20 12:01:36,2020/07/20 13:11:18,0,,,,,0,,,EPS 3#
273,detail,,2603522-2,6433997B,B,,2020/07/20 12:01:36,2020/07/20 13:11:18,0,,,,,0,,,EPS 3#
274,detail,,2603522-2,6433997B,B,,2020/07/20 12:02:16,2020/07/20 13:11:18,0,,,,,0,,,EPS 3#
275,detail,,2603522-2,6433997B,B,,2020/07/20 12:02:16,2020/07/20 13:11:18,0,,,,,0,,,EPS 3#
276,detail,,2603522-2,6433997B,B,,2020/07/20 12:02:16,2020/07/20 13:11:18,0,,,,,0,,,EPS 3#
277,detail,,2603522-2,6433997B,B,,2020/07/20 12:02:16,2020/07/20 13:11:18,0,,,,,0,,,EPS 3#
278,detail,,2603522-2,6433997B,B,,2020/07/20 12:02:48,2020/07/20 13:11:18,0,,,,,0,,,EPS 3#
279,detail,,2603522-2,6433997B,B,,2020/07/20 12:02:48,2020/07/20 13:11:18,0,,,,,0,,,EPS 3#
280,detail,,2603522-2,6433997B,B,,2020/07/20 12:02:48,2020/07/20 13:11:18,0,,,,,0,,,EPS 3#
281,detail,,2603522-2,6433997B,B,,2020/07/20 12:02:48,2020/07/20 13:11:18,0,,,,,0,,,EPS 3#
282,detail,,2603522-2,6433997B,B,,2020/07/20 12:04:00,2020/07/20 13:11:18,0,,,,,0,,,EPS 3#
283,detail,,2603522-2,6433997B,B,,2020/07/20 12:04:00,2020/07/20 13:11:18,0,,,,,0,,,EPS 3#
284,detail,,2603522-2,6433997B,B,,2020/07/20 12:04:00,2020/07/20 13:11:18,0,,,,,0,,,EPS 3#
285,detail,,2603522-2,6433997B,B,,2020/07/20 12:04:00,2020/07/20 13:11:18,0,,,,,0,,,EPS 3#
286,detail,,2603522-2,6433997B,B,,2020/07/20 12:04:40,2020/07/20 13:11:18,0,,,,,0,,,EPS 3#
287,detail,,2603522-2,6433997B,B,,2020/07/20 12:04:40,2020/07/20 13:11:18,0,,,,,0,,,EPS 3#
288,detail,,2603522-2,6433997B,B,,2020/07/20 12:04:40,2020/07/20 13:11:18,0,,,,,0,,,EPS 3#
289,detail,,2603522-2,6433997B,B,,2020/07/20 12:04:40,2020/07/20 13:11:18,0,,,,,0,,,EPS 3#
290,detail,,2603522-2,6433997B,B,,2020/07/20 12:05:15,2020/07/20 13:11:18,0,,,,,0,,,EPS 3#
291,detail,,2603522-2,6433997B,B,,2020/07/20 12:05:15,2020/07/20 13:11:18,0,,,,,0,,,EPS 3#
292,detail,,2603522-2,6433997B,B,,2020/07/20 12:05:15,2020/07/20 13:11:18,0,,,,,0,,,EPS 3#
293,detail,,2603522-2,6433997B,B,,2020/07/20 12:05:15,2020/07/20 13:11:18,0,,,,,0,,,EPS 3#
294,detail,,2603522-2,6433997B,B,,2020/07/20 12:06:26,2020/07/20 13:11:18,0,,,,,0,,,EPS 3#
295,detail,,2603522-2,6433997B,B,,2020/07/20 12:06:26,2020/07/20 13:11:18,0,,,,,0,,,EPS 3#
296,detail,,2603522-2,6433997B,B,,2020/07/20 12:06:26,2020/07/20 13:11:18,0,,,,,0,,,EPS 3#
297,detail,,2603522-2,6433997B,B,,2020/07/20 12:06:26,2020/07/20 13:11:18,0,,,,,0,,,EPS 3#
298,detail,,2603522-2,6433997B,B,,2020/07/20 12:07:07,2020/07/20 13:11:18,0,,,,,0,,,EPS 3#
299,detail,,2603522-2,6433997B,B,,2020/07/20 12:07:07,2020/07/20 13:11:18,0,,,,,0,,,EPS 3#
300,detail,,2603522-2,6433997B,B,,2020/07/20 12:07:07,2020/07/20 13:11:18,0,,,,,0,,,EPS 3#
301,detail,,2603522-2,6433997B,B,,2020/07/20 12:07:07,2020/07/20 13:11:18,0,,,,,0,,,EPS 3#
302,detail,,2603522-2,6433997B,B,,2020/07/20 12:07:43,2020/07/20 13:11:18,0,,,,,0,,,EPS 3#
303,detail,,2603522-2,6433997B,B,,2020/07/20 12:07:43,2020/07/20 13:11:18,0,,,,,0,,,EPS 3#
304,detail,,2603522-2,6433997B,B,,2020/07/20 12:07:43,2020/07/20 13:11:18,0,,,,,0,,,EPS 3#
305,detail,,2603522-2,6433997B,B,,2020/07/20 12:07:43,2020/07/20 13:11:18,0,,,,,0,,,EPS 3#
306,detail,,2603522-2,6433997B,B,,2020/07/20 12:09:09,2020/07/20 13:11:18,0,,,,,0,,,EPS 3#
307,detail,,2603522-2,6433997B,B,,2020/07/20 12:09:09,2020/07/20 13:11:18,0,,,,,0,,,EPS 3#
308,detail,,2603522-2,6433997B,B,,2020/07/20 12:09:09,2020/07/20 13:11:18,0,,,,,0,,,EPS 3#
309,detail,,2603522-2,6433997B,B,,2020/07/20 12:09:09,2020/07/20 13:11:18,0,,,,,0,,,EPS 3#
310,detail,,2603522-2,6433997B,B,,2020/07/20 12:09:49,2020/07/20 13:11:18,0,,,,,0,,,EPS 3#
311,detail,,2603522-2,6433997B,B,,2020/07/20 12:09:49,2020/07/20 13:11:18,0,,,,,0,,,EPS 3#
312,detail,,2603522-2,6433997B,B,,2020/07/20 12:09:49,2020/07/20 13:11:18,0,,,,,0,,,EPS 3#
313,detail,,2603522-2,6433997B,B,,2020/07/20 12:09:49,2020/07/20 13:11:18,0,,,,,0,,,EPS 3#
314,detail,,2603522-2,6433997B,B,,2020/07/20 12:10:30,2020/07/20 13:11:18,0,,,,,0,,,EPS 3#
315,detail,,2603522-2,6433997B,B,,2020/07/20 12:10:30,2020/07/20 13:11:18,0,,,,,0,,,EPS 3#
316,detail,,2603522-2,6433997B,B,,2020/07/20 12:10:30,2020/07/20 13:11:18,0,,,,,0,,,EPS 3#
317,detail,,2603522-2,6433997B,B,,2020/07/20 12:10:30,2020/07/20 13:11:18,0,,,,,0,,,EPS 3#
318,detail,,2603522-2,6433997B,B,,2020/07/20 12:11:10,2020/07/20 13:11:18,0,,,,,0,,,EPS 3#
319,detail,,2603522-2,6433997B,B,,2020/07/20 12:11:10,2020/07/20 13:11:18,0,,,,,0,,,EPS 3#
320,detail,,2603522-2,6433997B,B,,2020/07/20 12:11:10,2020/07/20 13:11:18,0,,,,,0,,,EPS 3#
321,detail,,2603522-2,6433997B,B,,2020/07/20 12:11:10,2020/07/20 13:11:18,0,,,,,0,,,EPS 3#
322,detail,,2603522-2,6433997B,B,,2020/07/20 12:11:41,2020/07/20 13:11:18,0,,,,,0,,,EPS 3#
323,detail,,2603522-2,6433997B,B,,2020/07/20 12:11:41,2020/07/20 13:11:18,0,,,,,0,,,EPS 3#
324,detail,,2603522-2,6433997B,B,,2020/07/20 12:11:41,2020/07/20 13:11:18,0,,,,,0,,,EPS 3#
325,detail,,2603522-2,6433997B,B,,2020/07/20 12:11:41,2020/07/20 13:11:18,0,,,,,0,,,EPS 3#
326,detail,,2603522-2,6433997B,B,,2020/07/20 12:12:54,2020/07/20 13:11:18,0,,,,,0,,,EPS 3#
327,detail,,2603522-2,6433997B,B,,2020/07/20 12:12:54,2020/07/20 13:11:18,0,,,,,0,,,EPS 3#
328,detail,,2603522-2,6433997B,B,,2020/07/20 12:12:54,2020/07/20 13:11:18,0,,,,,0,,,EPS 3#
329,detail,,2603522-2,6433997B,B,,2020/07/20 12:12:54,2020/07/20 13:11:18,0,,,,,0,,,EPS 3#
330,detail,,2603522-2,6433997B,B,,2020/07/20 12:13:35,2020/07/20 13:11:18,0,,,,,0,,,EPS 3#
331,detail,,2603522-2,6433997B,B,,2020/07/20 12:13:35,2020/07/20 13:11:18,0,,,,,0,,,EPS 3#
332,detail,,2603522-2,6433997B,B,,2020/07/20 12:13:35,2020/07/20 13:11:18,0,,,,,0,,,EPS 3#
333,detail,,2603522-2,6433997B,B,,2020/07/20 12:13:35,2020/07/20 13:11:18,0,,,,,0,,,EPS 3#
334,detail,,2603522-2,6433997B,B,,2020/07/20 12:14:06,2020/07/20 13:11:18,0,,,,,0,,,EPS 3#
335,detail,,2603522-2,6433997B,B,,2020/07/20 12:14:06,2020/07/20 13:11:18,0,,,,,0,,,EPS 3#
336,detail,,2603522-2,6433997B,B,,2020/07/20 12:14:06,2020/07/20 13:11:18,0,,,,,0,,,EPS 3#
337,detail,,2603522-2,6433997B,B,,2020/07/20 12:14:06,2020/07/20 13:11:18,0,,,,,0,,,EPS 3#
338,detail,,2603522-2,6433997B,B,,2020/07/20 12:15:18,2020/07/20 13:11:18,0,,,,,0,,,EPS 3#
339,detail,,2603522-2,6433997B,B,,2020/07/20 12:15:18,2020/07/20 13:11:18,0,,,,,0,,,EPS 3#
340,detail,,2603522-2,6433997B,B,,2020/07/20 12:15:18,2020/07/20 13:11:18,0,,,,,0,,,EPS 3#
341,detail,,2603522-2,6433997B,B,,2020/07/20 12:15:18,2020/07/20 13:11:18,0,,,,,0,,,EPS 3#
342,detail,,2603522-2,6433997B,B,,2020/07/20 12:15:59,2020/07/20 13:11:18,0,,,,,0,,,EPS 3#
343,detail,,2603522-2,6433997B,B,,2020/07/20 12:15:59,2020/07/20 13:11:18,0,,,,,0,,,EPS 3#
344,detail,,2603522-2,6433997B,B,,2020/07/20 12:15:59,2020/07/20 13:11:18,0,,,,,0,,,EPS 3#
345,detail,,2603522-2,6433997B,B,,2020/07/20 12:15:59,2020/07/20 13:11:18,0,,,,,0,,,EPS 3#
346,detail,,2603522-2,6433997B,B,,2020/07/20 12:16:30,2020/07/20 13:11:18,0,,,,,0,,,EPS 3#
347,detail,,2603522-2,6433997B,B,,2020/07/20 12:16:30,2020/07/20 13:11:18,0,,,,,0,,,EPS 3#
348,detail,,2603522-2,6433997B,B,,2020/07/20 12:16:30,2020/07/20 13:11:18,0,,,,,0,,,EPS 3#
349,detail,,2603522-2,6433997B,B,,2020/07/20 12:16:30,2020/07/20 13:11:18,0,,,,,0,,,EPS 3#
350,detail,,2603522-2,6433997B,B,,2020/07/20 12:17:43,2020/07/20 13:11:18,0,,,,,0,,,EPS 3#
351,detail,,2603522-2,6433997B,B,,2020/07/20 12:17:43,2020/07/20 13:11:18,0,,,,,0,,,EPS 3#
352,detail,,2603522-2,6433997B,B,,2020/07/20 12:17:43,2020/07/20 13:11:18,0,,,,,0,,,EPS 3#
353,detail,,2603522-2,6433997B,B,,2020/07/20 12:17:43,2020/07/20 13:11:18,0,,,,,0,,,EPS 3#
354,detail,,2603522-2,6433997B,B,,2020/07/20 12:18:15,2020/07/20 13:11:18,0,,,,,0,,,EPS 3#
355,detail,,2603522-2,6433997B,B,,2020/07/20 12:18:15,2020/07/20 13:11:18,0,,,,,0,,,EPS 3#
356,detail,,2603522-2,6433997B,B,,2020/07/20 12:18:15,2020/07/20 13:11:18,0,,,,,0,,,EPS 3#
357,detail,,2603522-2,6433997B,B,,2020/07/20 12:18:15,2020/07/20 13:11:18,0,,,,,0,,,EPS 3#
358,detail,,2603522-2,6433997B,B,,2020/07/20 12:19:18,2020/07/20 13:11:18,0,,,,,0,,,EPS 3#
359,detail,,2603522-2,6433997B,B,,2020/07/20 12:19:18,2020/07/20 13:11:18,0,,,,,0,,,EPS 3#
360,detail,,2603522-2,6433997B,B,,2020/07/20 12:19:18,2020/07/20 13:11:18,0,,,,,0,,,EPS 3#
361,detail,,2603522-2,6433997B,B,,2020/07/20 12:19:18,2020/07/20 13:11:18,0,,,,,0,,,EPS 3#
362,detail,,2603522-2,6433997B,B,,2020/07/20 12:20:30,2020/07/20 13:11:18,0,,,,,0,,,EPS 3#
363,detail,,2603522-2,6433997B,B,,2020/07/20 12:20:30,2020/07/20 13:11:18,0,,,,,0,,,EPS 3#
364,detail,,2603522-2,6433997B,B,,2020/07/20 12:20:30,2020/07/20 13:11:18,0,,,,,0,,,EPS 3#
365,detail,,2603522-2,6433997B,B,,2020/07/20 12:20:30,2020/07/20 13:11:18,0,,,,,0,,,EPS 3#
366,detail,,2603522-2,6433997B,B,,2020/07/20 12:21:11,2020/07/20 13:11:18,0,,,,,0,,,EPS 3#
367,detail,,2603522-2,6433997B,B,,2020/07/20 12:21:11,2020/07/20 13:11:18,0,,,,,0,,,EPS 3#
368,detail,,2603522-2,6433997B,B,,2020/07/20 12:21:11,2020/07/20 13:11:18,0,,,,,0,,,EPS 3#
369,detail,,2603522-2,6433997B,B,,2020/07/20 12:21:11,2020/07/20 13:11:18,0,,,,,0,,,EPS 3#
370,detail,,2603522-2,6433997B,B,,2020/07/20 12:21:42,2020/07/20 13:11:18,0,,,,,0,,,EPS 3#
371,detail,,2603522-2,6433997B,B,,2020/07/20 12:21:42,2020/07/20 13:11:18,0,,,,,0,,,EPS 3#
372,detail,,2603522-2,6433997B,B,,2020/07/20 12:21:42,2020/07/20 13:11:18,0,,,,,0,,,EPS 3#
373,detail,,2603522-2,6433997B,B,,2020/07/20 12:21:42,2020/07/20 13:11:18,0,,,,,0,,,EPS 3#
374,detail,,2603522-2,6433997B,B,,2020/07/20 12:22:57,2020/07/20 13:11:18,0,,,,,0,,,EPS 3#
375,detail,,2603522-2,6433997B,B,,2020/07/20 12:22:57,2020/07/20 13:11:18,0,,,,,0,,,EPS 3#
376,detail,,2603522-2,6433997B,B,,2020/07/20 12:22:57,2020/07/20 13:11:18,0,,,,,0,,,EPS 3#
377,detail,,2603522-2,6433997B,B,,2020/07/20 12:22:57,2020/07/20 13:11:18,0,,,,,0,,,EPS 3#
378,detail,,2603522-2,6433997B,B,,2020/07/20 12:23:37,2020/07/20 13:11:18,0,,,,,0,,,EPS 3#
379,detail,,2603522-2,6433997B,B,,2020/07/20 12:23:37,2020/07/20 13:11:18,0,,,,,0,,,EPS 3#
380,detail,,2603522-2,6433997B,B,,2020/07/20 12:23:37,2020/07/20 13:11:18,0,,,,,0,,,EPS 3#
381,detail,,2603522-2,6433997B,B,,2020/07/20 12:23:37,2020/07/20 13:11:18,0,,,,,0,,,EPS 3#
382,detail,,2603522-2,6433997B,B,,2020/07/20 12:24:12,2020/07/20 13:11:18,0,,,,,0,,,EPS 3#
383,detail,,2603522-2,6433997B,B,,2020/07/20 12:24:12,2020/07/20 13:11:18,0,,,,,0,,,EPS 3#
384,detail,,2603522-2,6433997B,B,,2020/07/20 12:24:12,2020/07/20 13:11:18,0,,,,,0,,,EPS 3#
385,detail,,2603522-2,6433997B,B,,2020/07/20 12:24:12,2020/07/20 13:11:18,0,,,,,0,,,EPS 3#
386,detail,,2603522-2,6433997B,B,,2020/07/20 12:25:24,2020/07/20 13:11:18,0,,,,,0,,,EPS 3#
387,detail,,2603522-2,6433997B,B,,2020/07/20 12:25:24,2020/07/20 13:11:18,0,,,,,0,,,EPS 3#
388,detail,,2603522-2,6433997B,B,,2020/07/20 12:25:24,2020/07/20 13:11:18,0,,,,,0,,,EPS 3#
389,detail,,2603522-2,6433997B,B,,2020/07/20 12:25:24,2020/07/20 13:11:18,0,,,,,0,,,EPS 3#
390,detail,,2603522-2,6433997B,B,,2020/07/20 12:26:08,2020/07/20 13:11:18,0,,,,,0,,,EPS 3#
391,detail,,2603522-2,6433997B,B,,2020/07/20 12:26:08,2020/07/20 13:11:18,0,,,,,0,,,EPS 3#
392,detail,,2603522-2,6433997B,B,,2020/07/20 12:26:08,2020/07/20 13:11:18,0,,,,,0,,,EPS 3#
393,detail,,2603522-2,6433997B,B,,2020/07/20 12:26:08,2020/07/20 13:11:18,0,,,,,0,,,EPS 3#
394,detail,,2603522-2,6433997B,B,,2020/07/20 12:26:49,2020/07/20 13:11:18,0,,,,,0,,,EPS 3#
395,detail,,2603522-2,6433997B,B,,2020/07/20 12:26:49,2020/07/20 13:11:18,0,,,,,0,,,EPS 3#
396,detail,,2603522-2,6433997B,B,,2020/07/20 12:26:49,2020/07/20 13:11:18,0,,,,,0,,,EPS 3#
397,detail,,2603522-2,6433997B,B,,2020/07/20 12:26:49,2020/07/20 13:11:18,0,,,,,0,,,EPS 3#
398,detail,,2603522-2,6433997B,B,,2020/07/20 12:27:20,2020/07/20 13:11:18,0,,,,,0,,,EPS 3#
399,detail,,2603522-2,6433997B,B,,2020/07/20 12:27:20,2020/07/20 13:11:18,0,,,,,0,,,EPS 3#
400,detail,,2603522-2,6433997B,B,,2020/07/20 12:27:20,2020/07/20 13:11:18,0,,,,,0,,,EPS 3#
401,detail,,2603522-2,6433997B,B,,2020/07/20 12:27:20,2020/07/20 13:11:18,0,,,,,0,,,EPS 3#
402,detail,,2603522-2,6433997B,B,,2020/07/20 12:28:32,2020/07/20 13:11:18,0,,,,,0,,,EPS 3#
403,detail,,2603522-2,6433997B,B,,2020/07/20 12:28:32,2020/07/20 13:11:18,0,,,,,0,,,EPS 3#
404,detail,,2603522-2,6433997B,B,,2020/07/20 12:28:32,2020/07/20 13:11:18,0,,,,,0,,,EPS 3#
405,detail,,2603522-2,6433997B,B,,2020/07/20 12:28:32,2020/07/20 13:11:18,0,,,,,0,,,EPS 3#
406,detail,,2603522-2,6433997B,B,,2020/07/20 12:29:12,2020/07/20 13:11:18,0,,,,,0,,,EPS 3#
407,detail,,2603522-2,6433997B,B,,2020/07/20 12:29:12,2020/07/20 13:11:18,0,,,,,0,,,EPS 3#
408,detail,,2603522-2,6433997B,B,,2020/07/20 12:29:12,2020/07/20 13:11:18,0,,,,,0,,,EPS 3#
409,detail,,2603522-2,6433997B,B,,2020/07/20 12:29:12,2020/07/20 13:11:18,0,,,,,0,,,EPS 3#
410,detail,,2603522-2,6433997B,B,,2020/07/20 12:29:43,2020/07/20 13:11:18,0,,,,,0,,,EPS 3#
411,detail,,2603522-2,6433997B,B,,2020/07/20 12:29:43,2020/07/20 13:11:18,0,,,,,0,,,EPS 3#
412,detail,,2603522-2,6433997B,B,,2020/07/20 12:29:43,2020/07/20 13:11:18,0,,,,,0,,,EPS 3#
413,detail,,2603522-2,6433997B,B,,2020/07/20 12:29:43,2020/07/20 13:11:18,0,,,,,0,,,EPS 3#
414,detail,,2603522-2,6433997B,B,,2020/07/20 12:31:03,2020/07/20 13:11:18,0,,,,,0,,,EPS 3#
415,detail,,2603522-2,6433997B,B,,2020/07/20 12:31:03,2020/07/20 13:11:18,0,,,,,0,,,EPS 3#
416,detail,,2603522-2,6433997B,B,,2020/07/20 12:31:03,2020/07/20 13:11:18,0,,,,,0,,,EPS 3#
417,detail,,2603522-2,6433997B,B,,2020/07/20 12:31:03,2020/07/20 13:11:18,0,,,,,0,,,EPS 3#
418,detail,,2603522-2,6433997B,B,,2020/07/20 12:31:49,2020/07/20 13:11:18,0,,,,,0,,,EPS 3#
419,detail,,2603522-2,6433997B,B,,2020/07/20 12:31:49,2020/07/20 13:11:18,0,,,,,0,,,EPS 3#
420,detail,,2603522-2,6433997B,B,,2020/07/20 12:31:49,2020/07/20 13:11:18,0,,,,,0,,,EPS 3#
421,detail,,2603522-2,6433997B,B,,2020/07/20 12:31:49,2020/07/20 13:11:18,0,,,,,0,,,EPS 3#
422,detail,,2603522-2,6433997B,B,,2020/07/20 12:32:29,2020/07/20 13:11:18,0,,,,,0,,,EPS 3#
423,detail,,2603522-2,6433997B,B,,2020/07/20 12:32:29,2020/07/20 13:11:18,0,,,,,0,,,EPS 3#
424,detail,,2603522-2,6433997B,B,,2020/07/20 12:32:29,2020/07/20 13:11:18,0,,,,,0,,,EPS 3#
425,detail,,2603522-2,6433997B,B,,2020/07/20 12:32:29,2020/07/20 13:11:18,0,,,,,0,,,EPS 3#
426,detail,,2603522-2,6433997B,B,,2020/07/20 12:33:01,2020/07/20 13:11:18,0,,,,,0,,,EPS 3#
427,detail,,2603522-2,6433997B,B,,2020/07/20 12:33:01,2020/07/20 13:11:18,0,,,,,0,,,EPS 3#
428,detail,,2603522-2,6433997B,B,,2020/07/20 12:33:01,2020/07/20 13:11:18,0,,,,,0,,,EPS 3#
429,detail,,2603522-2,6433997B,B,,2020/07/20 12:33:01,2020/07/20 13:11:18,0,,,,,0,,,EPS 3#
430,detail,,2603522-2,6433997B,B,,2020/07/20 12:34:13,2020/07/20 13:11:18,0,,,,,0,,,EPS 3#
431,detail,,2603522-2,6433997B,B,,2020/07/20 12:34:13,2020/07/20 13:11:18,0,,,,,0,,,EPS 3#
432,detail,,2603522-2,6433997B,B,,2020/07/20 12:34:13,2020/07/20 13:11:18,0,,,,,0,,,EPS 3#
433,detail,,2603522-2,6433997B,B,,2020/07/20 12:34:13,2020/07/20 13:11:18,0,,,,,0,,,EPS 3#
434,detail,,2603522-2,6433997B,B,,2020/07/20 12:34:53,2020/07/20 13:11:18,0,,,,,0,,,EPS 3#
435,detail,,2603522-2,6433997B,B,,2020/07/20 12:34:53,2020/07/20 13:11:18,0,,,,,0,,,EPS 3#
436,detail,,2603522-2,6433997B,B,,2020/07/20 12:34:53,2020/07/20 13:11:18,0,,,,,0,,,EPS 3#
437,detail,,2603522-2,6433997B,B,,2020/07/20 12:34:53,2020/07/20 13:11:18,0,,,,,0,,,EPS 3#
438,detail,,2603522-2,6433997B,B,,2020/07/20 12:35:24,2020/07/20 13:11:18,0,,,,,0,,,EPS 3#
439,detail,,2603522-2,6433997B,B,,2020/07/20 12:35:24,2020/07/20 13:11:18,0,,,,,0,,,EPS 3#
440,detail,,2603522-2,6433997B,B,,2020/07/20 12:35:24,2020/07/20 13:11:18,0,,,,,0,,,EPS 3#
441,detail,,2603522-2,6433997B,B,,2020/07/20 12:35:24,2020/07/20 13:11:18,0,,,,,0,,,EPS 3#
442,detail,,2603522-2,6433997B,B,,2020/07/20 12:36:36,2020/07/20 13:11:18,0,,,,,0,,,EPS 3#
443,detail,,2603522-2,6433997B,B,,2020/07/20 12:36:36,2020/07/20 13:11:18,0,,,,,0,,,EPS 3#
444,detail,,2603522-2,6433997B,B,,2020/07/20 12:36:36,2020/07/20 13:11:18,0,,,,,0,,,EPS 3#
445,detail,,2603522-2,6433997B,B,,2020/07/20 12:36:36,2020/07/20 13:11:18,0,,,,,0,,,EPS 3#
446,detail,,2603522-2,6433997B,B,,2020/07/20 12:37:16,2020/07/20 13:11:18,0,,,,,0,,,EPS 3#
447,detail,,2603522-2,6433997B,B,,2020/07/20 12:37:16,2020/07/20 13:11:18,0,,,,,0,,,EPS 3#
448,detail,,2603522-2,6433997B,B,,2020/07/20 12:37:16,2020/07/20 13:11:18,0,,,,,0,,,EPS 3#
449,detail,,2603522-2,6433997B,B,,2020/07/20 12:37:16,2020/07/20 13:11:18,0,,,,,0,,,EPS 3#
450,detail,,2603522-2,6433997B,B,,2020/07/20 12:37:47,2020/07/20 13:11:18,0,,,,,0,,,EPS 3#
451,detail,,2603522-2,6433997B,B,,2020/07/20 12:37:47,2020/07/20 13:11:18,0,,,,,0,,,EPS 3#
452,detail,,2603522-2,6433997B,B,,2020/07/20 12:37:47,2020/07/20 13:11:18,0,,,,,0,,,EPS 3#
453,detail,,2603522-2,6433997B,B,,2020/07/20 12:37:47,2020/07/20 13:11:18,0,,,,,0,,,EPS 3#
454,detail,,2603522-2,6433997B,B,,2020/07/20 12:39:36,2020/07/20 13:11:18,0,,,,,0,,,EPS 3#
455,detail,,2603522-2,6433997B,B,,2020/07/20 12:39:36,2020/07/20 13:11:18,0,,,,,0,,,EPS 3#
456,detail,,2603522-2,6433997B,B,,2020/07/20 12:39:36,2020/07/20 13:11:18,0,,,,,0,,,EPS 3#
457,detail,,2603522-2,6433997B,B,,2020/07/20 12:39:36,2020/07/20 13:11:18,0,,,,,0,,,EPS 3#
458,detail,,2603522-2,6433997B,B,,2020/07/20 12:40:47,2020/07/20 13:11:18,0,,,,,0,,,EPS 3#
459,detail,,2603522-2,6433997B,B,,2020/07/20 12:40:47,2020/07/20 13:11:18,0,,,,,0,,,EPS 3#
460,detail,,2603522-2,6433997B,B,,2020/07/20 12:40:47,2020/07/20 13:11:18,0,,,,,0,,,EPS 3#
461,detail,,2603522-2,6433997B,B,,2020/07/20 12:40:47,2020/07/20 13:11:18,0,,,,,0,,,EPS 3#
462,detail,,2603522-2,6433997B,B,,2020/07/20 12:41:26,2020/07/20 13:11:18,0,,,,,0,,,EPS 3#
463,detail,,2603522-2,6433997B,B,,2020/07/20 12:41:26,2020/07/20 13:11:18,0,,,,,0,,,EPS 3#
464,detail,,2603522-2,6433997B,B,,2020/07/20 12:41:26,2020/07/20 13:11:18,0,,,,,0,,,EPS 3#
465,detail,,2603522-2,6433997B,B,,2020/07/20 12:41:26,2020/07/20 13:11:18,0,,,,,0,,,EPS 3#
466,detail,,2603522-2,6433997B,B,,2020/07/20 12:42:38,2020/07/20 13:11:18,0,,,,,0,,,EPS 3#
467,detail,,2603522-2,6433997B,B,,2020/07/20 12:42:38,2020/07/20 13:11:18,0,,,,,0,,,EPS 3#
468,detail,,2603522-2,6433997B,B,,2020/07/20 12:42:38,2020/07/20 13:11:18,0,,,,,0,,,EPS 3#
469,detail,,2603522-2,6433997B,B,,2020/07/20 12:42:38,2020/07/20 13:11:18,0,,,,,0,,,EPS 3#
470,detail,,2603522-2,6433997B,B,,2020/07/20 12:43:19,2020/07/20 13:11:18,0,,,,,0,,,EPS 3#
471,detail,,2603522-2,6433997B,B,,2020/07/20 12:43:19,2020/07/20 13:11:18,0,,,,,0,,,EPS 3#
472,detail,,2603522-2,6433997B,B,,2020/07/20 12:43:19,2020/07/20 13:11:18,0,,,,,0,,,EPS 3#
473,detail,,2603522-2,6433997B,B,,2020/07/20 12:43:19,2020/07/20 13:11:18,0,,,,,0,,,EPS 3#
474,detail,,2603522-2,6433997B,B,,2020/07/20 12:43:59,2020/07/20 13:11:18,0,,,,,0,,,EPS 3#
475,detail,,2603522-2,6433997B,B,,2020/07/20 12:43:59,2020/07/20 13:11:18,0,,,,,0,,,EPS 3#
476,detail,,2603522-2,6433997B,B,,2020/07/20 12:43:59,2020/07/20 13:11:18,0,,,,,0,,,EPS 3#
477,detail,,2603522-2,6433997B,B,,2020/07/20 12:43:59,2020/07/20 13:11:18,0,,,,,0,,,EPS 3#
478,detail,,2603522-2,6433997B,B,,2020/07/20 12:44:30,2020/07/20 13:11:18,0,,,,,0,,,EPS 3#
479,detail,,2603522-2,6433997B,B,,2020/07/20 12:44:30,2020/07/20 13:11:18,0,,,,,0,,,EPS 3#
480,detail,,2603522-2,6433997B,B,,2020/07/20 12:44:30,2020/07/20 13:11:18,0,,,,,0,,,EPS 3#
481,detail,,2603522-2,6433997B,B,,2020/07/20 12:44:30,2020/07/20 13:11:18,0,,,,,0,,,EPS 3#
482,detail,,2603522-2,6433997B,B,,2020/07/20 12:46:22,2020/07/20 13:11:18,0,,,,,0,,,EPS 3#
483,detail,,2603522-2,6433997B,B,,2020/07/20 12:46:22,2020/07/20 13:11:18,0,,,,,0,,,EPS 3#
484,detail,,2603522-2,6433997B,B,,2020/07/20 12:46:22,2020/07/20 13:11:18,0,,,,,0,,,EPS 3#
485,detail,,2603522-2,6433997B,B,,2020/07/20 12:46:22,2020/07/20 13:11:18,0,,,,,0,,,EPS 3#
486,detail,,2603522-2,6433997B,B,,2020/07/20 12:46:52,2020/07/20 13:11:18,0,,,,,0,,,EPS 3#
487,detail,,2603522-2,6433997B,B,,2020/07/20 12:46:52,2020/07/20 13:11:18,0,,,,,0,,,EPS 3#
488,detail,,2603522-2,6433997B,B,,2020/07/20 12:46:52,2020/07/20 13:11:18,0,,,,,0,,,EPS 3#
489,detail,,2603522-2,6433997B,B,,2020/07/20 12:46:52,2020/07/20 13:11:18,0,,,,,0,,,EPS 3#
490,detail,,2603522-2,6433997B,B,,2020/07/20 12:48:22,2020/07/20 13:11:18,0,,,,,0,,,EPS 3#
491,detail,,2603522-2,6433997B,B,,2020/07/20 12:48:22,2020/07/20 13:11:18,0,,,,,0,,,EPS 3#
492,detail,,2603522-2,6433997B,B,,2020/07/20 12:48:22,2020/07/20 13:11:18,0,,,,,0,,,EPS 3#
493,detail,,2603522-2,6433997B,B,,2020/07/20 12:48:22,2020/07/20 13:11:18,0,,,,,0,,,EPS 3#
494,detail,,2603522-2,6433997B,B,,2020/07/20 12:49:34,2020/07/20 13:11:18,0,,,,,0,,,EPS 3#
495,detail,,2603522-2,6433997B,B,,2020/07/20 12:49:34,2020/07/20 13:11:18,0,,,,,0,,,EPS 3#
496,detail,,2603522-2,6433997B,B,,2020/07/20 12:49:34,2020/07/20 13:11:18,0,,,,,0,,,EPS 3#
497,detail,,2603522-2,6433997B,B,,2020/07/20 12:49:34,2020/07/20 13:11:18,0,,,,,0,,,EPS 3#
498,detail,,2603522-2,6433997B,B,,2020/07/20 12:50:05,2020/07/20 13:11:18,0,,,,,0,,,EPS 3#
499,detail,,2603522-2,6433997B,B,,2020/07/20 12:50:05,2020/07/20 13:11:18,0,,,,,0,,,EPS 3#
500,detail,,2603522-2,6433997B,B,,2020/07/20 12:50:05,2020/07/20 13:11:18,0,,,,,0,,,EPS 3#
501,detail,,2603522-2,6433997B,B,,2020/07/20 12:50:05,2020/07/20 13:11:18,0,,,,,0,,,EPS 3#
502,detail,,2603522-2,6433997B,B,,2020/07/20 12:51:17,2020/07/20 13:11:18,0,,,,,0,,,EPS 3#
503,detail,,2603522-2,6433997B,B,,2020/07/20 12:51:17,2020/07/20 13:11:18,0,,,,,0,,,EPS 3#
504,detail,,2603522-2,6433997B,B,,2020/07/20 12:51:17,2020/07/20 13:11:18,0,,,,,0,,,EPS 3#
505,detail,,2603522-2,6433997B,B,,2020/07/20 12:51:17,2020/07/20 13:11:18,0,,,,,0,,,EPS 3#
506,detail,,2603522-2,6433997B,B,,2020/07/20 12:52:00,2020/07/20 13:11:18,0,,,,,0,,,EPS 3#
507,detail,,2603522-2,6433997B,B,,2020/07/20 12:52:00,2020/07/20 13:11:18,0,,,,,0,,,EPS 3#
508,detail,,2603522-2,6433997B,B,,2020/07/20 12:52:00,2020/07/20 13:11:18,0,,,,,0,,,EPS 3#
509,detail,,2603522-2,6433997B,B,,2020/07/20 12:52:00,2020/07/20 13:11:18,0,,,,,0,,,EPS 3#
510,detail,,2603522-2,6433997B,B,,2020/07/20 12:52:31,2020/07/20 13:11:18,0,,,,,0,,,EPS 3#
511,detail,,2603522-2,6433997B,B,,2020/07/20 12:52:31,2020/07/20 13:11:18,0,,,,,0,,,EPS 3#
512,detail,,2603522-2,6433997B,B,,2020/07/20 12:52:31,2020/07/20 13:11:18,0,,,,,0,,,EPS 3#
513,detail,,2603522-2,6433997B,B,,2020/07/20 12:52:31,2020/07/20 13:11:18,0,,,,,0,,,EPS 3#
514,detail,,2603522-2,6433997B,B,,2020/07/20 12:53:43,2020/07/20 13:11:18,0,,,,,0,,,EPS 3#
515,detail,,2603522-2,6433997B,B,,2020/07/20 12:53:43,2020/07/20 13:11:18,0,,,,,0,,,EPS 3#
516,detail,,2603522-2,6433997B,B,,2020/07/20 12:53:43,2020/07/20 13:11:18,0,,,,,0,,,EPS 3#
517,detail,,2603522-2,6433997B,B,,2020/07/20 12:53:43,2020/07/20 13:11:18,0,,,,,0,,,EPS 3#
518,detail,,2603522-2,6433997B,B,,2020/07/20 12:54:14,2020/07/20 13:11:18,0,,,,,0,,,EPS 3#
519,detail,,2603522-2,6433997B,B,,2020/07/20 12:54:14,2020/07/20 13:11:18,0,,,,,0,,,EPS 3#
520,detail,,2603522-2,6433997B,B,,2020/07/20 12:54:14,2020/07/20 13:11:18,0,,,,,0,,,EPS 3#
521,detail,,2603522-2,6433997B,B,,2020/07/20 12:54:14,2020/07/20 13:11:18,0,,,,,0,,,EPS 3#
522,detail,,2603522-2,6433997B,B,,2020/07/20 12:55:26,2020/07/20 13:11:18,0,,,,,0,,,EPS 3#
523,detail,,2603522-2,6433997B,B,,2020/07/20 12:55:26,2020/07/20 13:11:18,0,,,,,0,,,EPS 3#
524,detail,,2603522-2,6433997B,B,,2020/07/20 12:55:26,2020/07/20 13:11:18,0,,,,,0,,,EPS 3#
525,detail,,2603522-2,6433997B,B,,2020/07/20 12:55:26,2020/07/20 13:11:18,0,,,,,0,,,EPS 3#
526,detail,,2603522-2,6433997B,B,,2020/07/20 12:56:11,2020/07/20 13:11:18,0,,,,,0,,,EPS 3#
527,detail,,2603522-2,6433997B,B,,2020/07/20 12:56:11,2020/07/20 13:11:18,0,,,,,0,,,EPS 3#
528,detail,,2603522-2,6433997B,B,,2020/07/20 12:56:11,2020/07/20 13:11:18,0,,,,,0,,,EPS 3#
529,detail,,2603522-2,6433997B,B,,2020/07/20 12:56:11,2020/07/20 13:11:18,0,,,,,0,,,EPS 3#
530,detail,,2603522-2,6433997B,B,,2020/07/20 12:56:52,2020/07/20 13:11:18,0,,,,,0,,,EPS 3#
531,detail,,2603522-2,6433997B,B,,2020/07/20 12:56:52,2020/07/20 13:11:18,0,,,,,0,,,EPS 3#
532,detail,,2603522-2,6433997B,B,,2020/07/20 12:56:52,2020/07/20 13:11:18,0,,,,,0,,,EPS 3#
533,detail,,2603522-2,6433997B,B,,2020/07/20 12:56:52,2020/07/20 13:11:18,0,,,,,0,,,EPS 3#
534,detail,,2603522-2,6433997B,B,,2020/07/20 12:57:23,2020/07/20 13:11:18,0,,,,,0,,,EPS 3#
535,detail,,2603522-2,6433997B,B,,2020/07/20 12:57:23,2020/07/20 13:11:18,0,,,,,0,,,EPS 3#
536,detail,,2603522-2,6433997B,B,,2020/07/20 12:57:23,2020/07/20 13:11:18,0,,,,,0,,,EPS 3#
537,detail,,2603522-2,6433997B,B,,2020/07/20 12:57:23,2020/07/20 13:11:18,0,,,,,0,,,EPS 3#
538,detail,,2603522-2,6433997B,B,,2020/07/20 12:58:35,2020/07/20 13:11:18,0,,,,,0,,,EPS 3#
539,detail,,2603522-2,6433997B,B,,2020/07/20 12:58:35,2020/07/20 13:11:18,0,,,,,0,,,EPS 3#
540,detail,,2603522-2,6433997B,B,,2020/07/20 12:58:35,2020/07/20 13:11:18,0,,,,,0,,,EPS 3#
541,detail,,2603522-2,6433997B,B,,2020/07/20 12:58:35,2020/07/20 13:11:18,0,,,,,0,,,EPS 3#
542,detail,,2603522-2,6433997B,B,,2020/07/20 12:59:17,2020/07/20 13:11:18,0,,,,,0,,,EPS 3#
543,detail,,2603522-2,6433997B,B,,2020/07/20 12:59:17,2020/07/20 13:11:18,0,,,,,0,,,EPS 3#
544,detail,,2603522-2,6433997B,B,,2020/07/20 12:59:17,2020/07/20 13:11:18,0,,,,,0,,,EPS 3#
545,detail,,2603522-2,6433997B,B,,2020/07/20 12:59:17,2020/07/20 13:11:18,0,,,,,0,,,EPS 3#
546,detail,,2603522-2,6433997B,B,,2020/07/20 12:59:48,2020/07/20 13:11:18,0,,,,,0,,,EPS 3#
547,detail,,2603522-2,6433997B,B,,2020/07/20 12:59:48,2020/07/20 13:11:18,0,,,,,0,,,EPS 3#
548,detail,,2603522-2,6433997B,B,,2020/07/20 12:59:48,2020/07/20 13:11:18,0,,,,,0,,,EPS 3#
549,detail,,2603522-2,6433997B,B,,2020/07/20 12:59:48,2020/07/20 13:11:18,0,,,,,0,,,EPS 3#
550,detail,,2603522-2,6433997B,B,,2020/07/20 13:01:00,2020/07/20 13:11:18,0,,,,,0,,,EPS 3#
551,detail,,2603522-2,6433997B,B,,2020/07/20 13:01:00,2020/07/20 13:11:18,0,,,,,0,,,EPS 3#
552,detail,,2603522-2,6433997B,B,,2020/07/20 13:01:00,2020/07/20 13:11:18,0,,,,,0,,,EPS 3#
553,detail,,2603522-2,6433997B,B,,2020/07/20 13:01:00,2020/07/20 13:11:18,0,,,,,0,,,EPS 3#
554,detail,,2603522-2,6433997B,B,,2020/07/20 13:01:42,2020/07/20 13:11:18,0,,,,,0,,,EPS 3#
555,detail,,2603522-2,6433997B,B,,2020/07/20 13:01:42,2020/07/20 13:11:18,0,,,,,0,,,EPS 3#
556,detail,,2603522-2,6433997B,B,,2020/07/20 13:01:42,2020/07/20 13:11:18,0,,,,,0,,,EPS 3#
557,detail,,2603522-2,6433997B,B,,2020/07/20 13:01:42,2020/07/20 13:11:18,0,,,,,0,,,EPS 3#
558,detail,,2603522-2,6433997B,B,,2020/07/20 13:02:13,2020/07/20 13:11:18,0,,,,,0,,,EPS 3#
559,detail,,2603522-2,6433997B,B,,2020/07/20 13:02:13,2020/07/20 13:11:18,0,,,,,0,,,EPS 3#
560,detail,,2603522-2,6433997B,B,,2020/07/20 13:02:13,2020/07/20 13:11:18,0,,,,,0,,,EPS 3#
561,detail,,2603522-2,6433997B,B,,2020/07/20 13:02:13,2020/07/20 13:11:18,0,,,,,0,,,EPS 3#
562,detail,,2603522-2,6433997B,B,,2020/07/20 13:03:15,2020/07/20 13:11:18,0,,,,,0,,,EPS 3#
563,detail,,2603522-2,6433997B,B,,2020/07/20 13:03:15,2020/07/20 13:11:18,0,,,,,0,,,EPS 3#
564,detail,,2603522-2,6433997B,B,,2020/07/20 13:03:15,2020/07/20 13:11:18,0,,,,,0,,,EPS 3#
565,detail,,2603522-2,6433997B,B,,2020/07/20 13:03:15,2020/07/20 13:11:18,0,,,,,0,,,EPS 3#
566,detail,,2603522-2,6433997B,B,,2020/07/20 13:06:03,2020/07/20 13:11:18,0,,,,,0,,,EPS 3#
567,detail,,2603522-2,6433997B,B,,2020/07/20 13:06:03,2020/07/20 13:11:18,0,,,,,0,,,EPS 3#
568,detail,,2603522-2,6433997B,B,,2020/07/20 13:06:03,2020/07/20 13:11:18,0,,,,,0,,,EPS 3#
569,detail,,2603522-2,6433997B,B,,2020/07/20 13:06:03,2020/07/20 13:11:18,0,,,,,0,,,EPS 3#
570,detail,,2603522-2,6433997B,B,,2020/07/20 13:06:44,2020/07/20 13:11:18,0,,,,,0,,,EPS 3#
571,detail,,2603522-2,6433997B,B,,2020/07/20 13:06:44,2020/07/20 13:11:18,0,,,,,0,,,EPS 3#
572,detail,,2603522-2,6433997B,B,,2020/07/20 13:06:44,2020/07/20 13:11:18,0,,,,,0,,,EPS 3#
573,detail,,2603522-2,6433997B,B,,2020/07/20 13:06:44,2020/07/20 13:11:18,0,,,,,0,,,EPS 3#
574,detail,,2603522-2,6433997B,B,,2020/07/20 13:07:24,2020/07/20 13:11:18,0,,,,,0,,,EPS 3#
575,detail,,2603522-2,6433997B,B,,2020/07/20 13:07:24,2020/07/20 13:11:18,0,,,,,0,,,EPS 3#
576,detail,,2603522-2,6433997B,B,,2020/07/20 13:07:24,2020/07/20 13:11:18,0,,,,,0,,,EPS 3#
577,detail,,2603522-2,6433997B,B,,2020/07/20 13:07:24,2020/07/20 13:11:18,0,,,,,0,,,EPS 3#
578,detail,,2603522-2,6433997B,B,,2020/07/20 13:08:05,2020/07/20 13:11:18,0,,,,,0,,,EPS 3#
579,detail,,2603522-2,6433997B,B,,2020/07/20 13:08:05,2020/07/20 13:11:18,0,,,,,0,,,EPS 3#
580,detail,,2603522-2,6433997B,B,,2020/07/20 13:08:05,2020/07/20 13:11:18,0,,,,,0,,,EPS 3#
581,detail,,2603522-2,6433997B,B,,2020/07/20 13:08:05,2020/07/20 13:11:18,0,,,,,0,,,EPS 3#
582,detail,,2603522-2,6433997B,B,,2020/07/20 13:08:45,2020/07/20 13:11:18,0,,,,,0,,,EPS 3#
583,detail,,2603522-2,6433997B,B,,2020/07/20 13:08:45,2020/07/20 13:11:18,0,,,,,0,,,EPS 3#
584,detail,,2603522-2,6433997B,B,,2020/07/20 13:08:45,2020/07/20 13:11:18,0,,,,,0,,,EPS 3#
585,detail,,2603522-2,6433997B,B,,2020/07/20 13:08:45,2020/07/20 13:11:18,0,,,,,0,,,EPS 3#
586,detail,,2603522-2,6433997B,B,,2020/07/20 13:09:26,2020/07/20 13:11:18,0,,,,,0,,,EPS 3#
587,detail,,2603522-2,6433997B,B,,2020/07/20 13:09:26,2020/07/20 13:11:18,0,,,,,0,,,EPS 3#
588,detail,,2603522-2,6433997B,B,,2020/07/20 13:09:26,2020/07/20 13:11:18,0,,,,,0,,,EPS 3#
589,detail,,2603522-2,6433997B,B,,2020/07/20 13:09:26,2020/07/20 13:11:18,0,,,,,0,,,EPS 3#
590,detail,,2603522-2,6433997B,B,,2020/07/20 13:10:06,2020/07/20 13:11:18,0,,,,,0,,,EPS 3#
591,detail,,2603522-2,6433997B,B,,2020/07/20 13:10:06,2020/07/20 13:11:18,0,,,,,0,,,EPS 3#
592,detail,,2603522-2,6433997B,B,,2020/07/20 13:10:06,2020/07/20 13:11:18,0,,,,,0,,,EPS 3#
593,detail,,2603522-2,6433997B,B,,2020/07/20 13:10:06,2020/07/20 13:11:18,0,,,,,0,,,EPS 3#
594,detail,,2603522-2,6433997B,B,,2020/07/20 13:10:47,2020/07/20 13:11:18,0,,,,,0,,,EPS 3#
595,detail,,2603522-2,6433997B,B,,2020/07/20 13:10:47,2020/07/20 13:11:18,0,,,,,0,,,EPS 3#
596,detail,,2603522-2,6433997B,B,,2020/07/20 13:10:47,2020/07/20 13:11:18,0,,,,,0,,,EPS 3#
597,detail,,2603522-2,6433997B,B,,2020/07/20 13:10:47,2020/07/20 13:11:18,0,,,,,0,,,EPS 3#
598,detail,,2603522-2,6433997B,B,,2020/07/20 13:11:18,2020/07/20 13:11:18,0,,,,,0,,,EPS 3#
599,detail,,2603522-2,6433997B,B,,2020/07/20 13:11:18,2020/07/20 13:11:18,0,,,,,0,,,EPS 3#
600,detail,,2603522-2,6433997B,B,,2020/07/20 13:11:18,2020/07/20 13:11:18,0,,,,,0,,,EPS 3#
601,detail,,2603522-2,6433997B,B,,2020/07/20 13:11:18,2020/07/20 13:11:18,0,,,,,0,,,EPS 3#
